WKT,nome,descrição
"POLYGON ((-38.568468 -3.721339, -38.566992 -3.720827, -38.561572 -3.719374, -38.560995 -3.721624, -38.558534 -3.720991, -38.551836 -3.722517, -38.54932 -3.72333, -38.548948 -3.723482, -38.549158 -3.72454, -38.547805 -3.724547, -38.546194 -3.72466, -38.545791 -3.726725, -38.545522 -3.726707, -38.540248 -3.728422, -38.540747 -3.724917, -38.541736 -3.72461, -38.541239 -3.723002, -38.541057 -3.722657, -38.541983 -3.715858, -38.541988 -3.715445, -38.542743 -3.714956, -38.542391 -3.714252, -38.541369 -3.711228, -38.541617 -3.711348, -38.542165 -3.712983, -38.542761 -3.712972, -38.543296 -3.713654, -38.543904 -3.713547, -38.545346 -3.712614, -38.545775 -3.712124, -38.545258 -3.711218, -38.545466 -3.711222, -38.545918 -3.71198, -38.546168 -3.712136, -38.547431 -3.71155, -38.548421 -3.710749, -38.548433 -3.710533, -38.547556 -3.708904, -38.54765 -3.708774, -38.548433 -3.71003, -38.548897 -3.710629, -38.549269 -3.710563, -38.549881 -3.71026, -38.55117 -3.709436, -38.551769 -3.708967, -38.552008 -3.7085, -38.551841 -3.708105, -38.551317 -3.707291, -38.551469 -3.707197, -38.552258 -3.708513, -38.552532 -3.708537, -38.553023 -3.708314, -38.554224 -3.707389, -38.555034 -3.706695, -38.555378 -3.706311, -38.555214 -3.705905, -38.554599 -3.704964, -38.554742 -3.704856, -38.555666 -3.706336, -38.555911 -3.706616, -38.556536 -3.706396, -38.556893 -3.706121, -38.557609 -3.705812, -38.558883 -3.705153, -38.559265 -3.704686, -38.558968 -3.70394, -38.55916 -3.703985, -38.559396 -3.704603, -38.559729 -3.705165, -38.560027 -3.705201, -38.561356 -3.7048, -38.562326 -3.704317, -38.563194 -3.70381, -38.563178 -3.703611, -38.561939 -3.700642, -38.561899 -3.700475, -38.56332 -3.698529, -38.564242 -3.698682, -38.564187 -3.698819, -38.563363 -3.698696, -38.562228 -3.700227, -38.562074 -3.700644, -38.563193 -3.70317, -38.563858 -3.703192, -38.565984 -3.703038, -38.566664 -3.702883, -38.568141 -3.702261, -38.568189 -3.702082, -38.569173 -3.701482, -38.569547 -3.701364, -38.570857 -3.700702, -38.570516 -3.699956, -38.570469 -3.699582, -38.571013 -3.700647, -38.571668 -3.700336, -38.572264 -3.699953, -38.573074 -3.69926, -38.574039 -3.698526, -38.574187 -3.698325, -38.574623 -3.698758, -38.57504 -3.69859, -38.575481 -3.69822, -38.576757 -3.696784, -38.57721 -3.69589, -38.576297 -3.694659, -38.576431 -3.694556, -38.57746 -3.695923, -38.577853 -3.695875, -38.578719 -3.695397, -38.579498 -3.694727, -38.58001 -3.694129, -38.580666 -3.693531, -38.580845 -3.693208, -38.580699 -3.692814, -38.581194 -3.692087, -38.581287 -3.692163, -38.580911 -3.69277, -38.581404 -3.693818, -38.581786 -3.693878, -38.582998 -3.693795, -38.583712 -3.69383, -38.584134 -3.693684, -38.5851 -3.693177, -38.585899 -3.692638, -38.586666 -3.692025, -38.58727 -3.691722, -38.587511 -3.692088, -38.587627 -3.692527, -38.587633 -3.694546, -38.587583 -3.696406, -38.588602 -3.69804, -38.589473 -3.699199, -38.589966 -3.699546, -38.590711 -3.70022, -38.593436 -3.701955, -38.594239 -3.702506, -38.595582 -3.70302, -38.597354 -3.703375, -38.599038 -3.703521, -38.600578 -3.703488, -38.601351 -3.703346, -38.602748 -3.702988, -38.6042 -3.702525, -38.604961 -3.702396, -38.606261 -3.702358, -38.607218 -3.702629, -38.60896 -3.70302, -38.609982 -3.703156, -38.611738 -3.703292, -38.614539 -3.703194, -38.616948 -3.703015, -38.618986 -3.70277, -38.620592 -3.702379, -38.621268 -3.702401, -38.621689 -3.702541, -38.622232 -3.702876, -38.622567 -3.703558, -38.622469 -3.705228, -38.622136 -3.706209, -38.621587 -3.707293, -38.621506 -3.708031, -38.621312 -3.708675, -38.621168 -3.709489, -38.620637 -3.70995, -38.619687 -3.709904, -38.61933 -3.709769, -38.618305 -3.70971, -38.617898 -3.710089, -38.617898 -3.710956, -38.618105 -3.711475, -38.618797 -3.712024, -38.618938 -3.712323, -38.619129 -3.713749, -38.619348 -3.714717, -38.619612 -3.71525, -38.620124 -3.715759, -38.620473 -3.716352, -38.620552 -3.716754, -38.620497 -3.717408, -38.620244 -3.718188, -38.61961 -3.719119, -38.619222 -3.719549, -38.618507 -3.719431, -38.618134 -3.718854, -38.617802 -3.718647, -38.617272 -3.718807, -38.611539 -3.720668, -38.606259 -3.72248, -38.60536 -3.722732, -38.605338 -3.722655, -38.60174 -3.723712, -38.58803 -3.727717, -38.584976 -3.728634, -38.584807 -3.729737, -38.584584 -3.731616, -38.572646 -3.726314, -38.571478 -3.72572, -38.570928 -3.725187, -38.570579 -3.724663, -38.569016 -3.72189, -38.568468 -3.721339))",SER 1,
"POLYGON ((-38.46223 -3.732756, -38.461528 -3.732729, -38.45792 -3.730968, -38.457404 -3.730778, -38.45636 -3.730288, -38.456639 -3.729726, -38.457185 -3.729024, -38.457185 -3.728516, -38.457932 -3.72692, -38.458438 -3.726112, -38.459532 -3.723712, -38.460632 -3.721207, -38.461301 -3.719436, -38.46173 -3.718096, -38.462237 -3.716352, -38.462728 -3.715263, -38.463302 -3.713468, -38.463483 -3.712753, -38.463547 -3.710798, -38.463672 -3.710415, -38.464054 -3.707937, -38.46403 -3.707542, -38.46384 -3.707242, -38.460459 -3.705445, -38.460576 -3.705097, -38.460713 -3.705248, -38.462816 -3.706312, -38.466859 -3.708514, -38.467151 -3.708621, -38.467639 -3.708322, -38.46783 -3.707819, -38.468616 -3.707736, -38.469224 -3.707473, -38.470511 -3.706792, -38.471382 -3.705189, -38.472801 -3.702485, -38.473588 -3.701636, -38.474219 -3.701396, -38.479748 -3.699856, -38.482179 -3.698744, -38.4825 -3.698732, -38.482417 -3.699115, -38.482 -3.699091, -38.48138 -3.69933, -38.479486 -3.700215, -38.477935 -3.700647, -38.476251 -3.701182, -38.476061 -3.701816, -38.47543 -3.702522, -38.474806 -3.703514, -38.475426 -3.704192, -38.474269 -3.705396, -38.47317 -3.706387, -38.474052 -3.708935, -38.475242 -3.712272, -38.477214 -3.715154, -38.482423 -3.712199, -38.483079 -3.709808, -38.483328 -3.709879, -38.483104 -3.710669, -38.482898 -3.711024, -38.482617 -3.71229, -38.477273 -3.715317, -38.477381 -3.715476, -38.477215 -3.716261, -38.477538 -3.717289, -38.477049 -3.717478, -38.476582 -3.717271, -38.476159 -3.717679, -38.475984 -3.718176, -38.476044 -3.718595, -38.476278 -3.719256, -38.476551 -3.719604, -38.477924 -3.720463, -38.478083 -3.720217, -38.478702 -3.72035, -38.478899 -3.719906, -38.479093 -3.719935, -38.478894 -3.720694, -38.479957 -3.721128, -38.481293 -3.721814, -38.482291 -3.722241, -38.483016 -3.722422, -38.484012 -3.722358, -38.484333 -3.722274, -38.485074 -3.72239, -38.48581 -3.722766, -38.486286 -3.722862, -38.486858 -3.722671, -38.488129 -3.722407, -38.488522 -3.722429, -38.489944 -3.723271, -38.49025 -3.723587, -38.490738 -3.724276, -38.492526 -3.724624, -38.493635 -3.724668, -38.494432 -3.724457, -38.493887 -3.722626, -38.494572 -3.722724, -38.49417 -3.722892, -38.49472 -3.724586, -38.494934 -3.724974, -38.495852 -3.725034, -38.497186 -3.724843, -38.498282 -3.724628, -38.498938 -3.724569, -38.499914 -3.724354, -38.502214 -3.723912, -38.503325 -3.723518, -38.50418 -3.723148, -38.504422 -3.722926, -38.504251 -3.722526, -38.504351 -3.722431, -38.504537 -3.722809, -38.504716 -3.722753, -38.503972 -3.720569, -38.504152 -3.720497, -38.504671 -3.722031, -38.506087 -3.721593, -38.506802 -3.721414, -38.508053 -3.721019, -38.509137 -3.720589, -38.509936 -3.720183, -38.511151 -3.71935, -38.51241 -3.723382, -38.513522 -3.72688, -38.516408 -3.736118, -38.516667 -3.736034, -38.517554 -3.738914, -38.523928 -3.736904, -38.523647 -3.738296, -38.521503 -3.748499, -38.520994 -3.750972, -38.519881 -3.756703, -38.519619 -3.757991, -38.519197 -3.758967, -38.518998 -3.760066, -38.517981 -3.760185, -38.517708 -3.760617, -38.517277 -3.761063, -38.516547 -3.761579, -38.515106 -3.762173, -38.514426 -3.762389, -38.513705 -3.762523, -38.513052 -3.762395, -38.512543 -3.762417, -38.512209 -3.762567, -38.511069 -3.76275, -38.509783 -3.762766, -38.508622 -3.762548, -38.508193 -3.76262, -38.506918 -3.762458, -38.506365 -3.762447, -38.50543 -3.762324, -38.504996 -3.762196, -38.504382 -3.762174, -38.503525 -3.761829, -38.503221 -3.761551, -38.50292 -3.760912, -38.50242 -3.759321, -38.502022 -3.75825, -38.502018 -3.757775, -38.501813 -3.757389, -38.501333 -3.756867, -38.501101 -3.756766, -38.500811 -3.756272, -38.499927 -3.755836, -38.49868 -3.75566, -38.498071 -3.755392, -38.496388 -3.754865, -38.495695 -3.754532, -38.495003 -3.754024, -38.493393 -3.752641, -38.492789 -3.752287, -38.492302 -3.752178, -38.491644 -3.752176, -38.490659 -3.752309, -38.490229 -3.750374, -38.493912 -3.749198, -38.491789 -3.746549, -38.49057 -3.744931, -38.489827 -3.743729, -38.489476 -3.743002, -38.488833 -3.74198, -38.48804 -3.741135, -38.48725 -3.739868, -38.479683 -3.742304, -38.475177 -3.743776, -38.465642 -3.746839, -38.456887 -3.749661, -38.456271 -3.749759, -38.455478 -3.749632, -38.455557 -3.749394, -38.456956 -3.746493, -38.457766 -3.744857, -38.45875 -3.742941, -38.458944 -3.742424, -38.460235 -3.739748, -38.463552 -3.732914, -38.463958 -3.73206, -38.46223 -3.732756))",SER 2,
"POLYGON ((-38.584807 -3.729737, -38.584976 -3.728634, -38.585934 -3.728364, -38.58803 -3.727717, -38.60174 -3.723712, -38.605338 -3.722655, -38.60536 -3.722732, -38.606259 -3.72248, -38.611539 -3.720668, -38.617272 -3.718807, -38.616732 -3.719563, -38.616861 -3.720011, -38.61717 -3.720167, -38.617658 -3.720144, -38.617961 -3.72037, -38.61805 -3.720757, -38.618011 -3.721153, -38.617621 -3.721977, -38.617218 -3.722073, -38.617063 -3.721769, -38.617116 -3.721246, -38.617039 -3.721032, -38.616707 -3.720748, -38.616343 -3.720744, -38.616 -3.720923, -38.615499 -3.721372, -38.615263 -3.721484, -38.615041 -3.721866, -38.615034 -3.722451, -38.61478 -3.722773, -38.614457 -3.722714, -38.614213 -3.722522, -38.613784 -3.722383, -38.613168 -3.722512, -38.61257 -3.722906, -38.61164 -3.723193, -38.61132 -3.723528, -38.610786 -3.723615, -38.610451 -3.723548, -38.610286 -3.723753, -38.610185 -3.724226, -38.609664 -3.723976, -38.609366 -3.724106, -38.609301 -3.724623, -38.60897 -3.724823, -38.608746 -3.725092, -38.608713 -3.725504, -38.608471 -3.725742, -38.608005 -3.726, -38.606729 -3.726846, -38.606196 -3.726911, -38.605926 -3.727248, -38.605785 -3.727969, -38.605323 -3.728682, -38.604836 -3.729279, -38.604622 -3.730094, -38.604583 -3.730556, -38.603645 -3.732237, -38.602834 -3.73308, -38.602641 -3.7332, -38.601963 -3.733943, -38.601369 -3.734193, -38.601144 -3.73445, -38.601171 -3.734813, -38.601552 -3.735857, -38.601806 -3.736266, -38.602306 -3.736889, -38.602237 -3.737072, -38.601701 -3.737439, -38.601646 -3.737948, -38.601726 -3.738502, -38.601659 -3.739498, -38.601507 -3.740241, -38.60124 -3.740874, -38.60119 -3.741265, -38.601024 -3.741554, -38.600727 -3.741734, -38.600469 -3.74173, -38.60021 -3.741527, -38.599912 -3.74151, -38.599462 -3.741678, -38.598043 -3.743263, -38.598012 -3.743957, -38.597499 -3.74475, -38.597546 -3.745273, -38.597778 -3.746037, -38.59856 -3.746663, -38.598605 -3.747085, -38.598178 -3.747561, -38.597396 -3.747716, -38.596698 -3.747656, -38.596496 -3.747721, -38.596067 -3.748068, -38.59572 -3.748174, -38.595343 -3.747825, -38.59436 -3.747902, -38.593521 -3.748076, -38.592889 -3.748121, -38.592284 -3.748346, -38.590897 -3.748508, -38.589894 -3.748694, -38.589148 -3.748708, -38.588819 -3.748635, -38.588639 -3.74828, -38.587794 -3.747853, -38.58735 -3.747382, -38.587027 -3.747173, -38.586669 -3.746769, -38.58634 -3.746599, -38.586007 -3.746143, -38.585847 -3.745611, -38.585647 -3.74537, -38.585383 -3.744648, -38.585164 -3.744466, -38.584781 -3.744402, -38.58459 -3.744242, -38.584168 -3.743613, -38.584036 -3.743296, -38.58377 -3.743025, -38.58312 -3.742925, -38.582729 -3.742627, -38.582501 -3.742633, -38.582225 -3.742305, -38.58179 -3.742172, -38.580183 -3.741817, -38.579194 -3.741456, -38.578757 -3.741222, -38.57825 -3.740303, -38.577826 -3.739715, -38.577062 -3.739101, -38.576344 -3.738681, -38.57569 -3.738745, -38.575298 -3.738642, -38.574167 -3.738153, -38.573755 -3.737858, -38.573301 -3.737396, -38.573319 -3.737196, -38.571121 -3.736942, -38.569767 -3.736822, -38.569224 -3.73673, -38.569288 -3.7382, -38.569084 -3.738877, -38.567882 -3.74038, -38.567566 -3.740937, -38.566895 -3.741759, -38.56596 -3.742577, -38.564934 -3.74379, -38.564858 -3.743921, -38.563145 -3.746052, -38.562238 -3.747125, -38.560412 -3.749238, -38.559206 -3.750812, -38.557373 -3.752932, -38.555409 -3.755024, -38.551949 -3.751594, -38.550496 -3.750118, -38.547667 -3.747327, -38.545156 -3.74483, -38.544226 -3.743685, -38.543619 -3.743072, -38.543328 -3.742897, -38.54315 -3.742313, -38.543073 -3.741794, -38.543129 -3.740948, -38.543642 -3.738007, -38.541639 -3.737211, -38.541492 -3.737224, -38.538583 -3.737791, -38.538172 -3.738133, -38.537701 -3.737647, -38.537435 -3.737247, -38.536185 -3.733045, -38.54054 -3.731648, -38.5402 -3.730698, -38.539923 -3.730635, -38.540248 -3.728422, -38.540409 -3.728378, -38.545522 -3.726707, -38.545791 -3.726725, -38.546194 -3.72466, -38.547805 -3.724547, -38.549158 -3.72454, -38.548948 -3.723482, -38.54932 -3.72333, -38.551836 -3.722517, -38.558534 -3.720991, -38.558649 -3.720997, -38.560995 -3.721624, -38.561572 -3.719374, -38.566992 -3.720827, -38.567005 -3.720873, -38.568045 -3.721152, -38.568468 -3.721339, -38.569016 -3.72189, -38.570579 -3.724663, -38.570928 -3.725187, -38.571478 -3.72572, -38.571888 -3.725969, -38.572646 -3.726314, -38.584584 -3.731616, -38.584807 -3.729737))",SER 3,
"POLYGON ((-38.519036 -3.759806, -38.519197 -3.758967, -38.51941 -3.758459, -38.519549 -3.758251, -38.519619 -3.757991, -38.519881 -3.756703, -38.520497 -3.75354, -38.520588 -3.753041, -38.520994 -3.750972, -38.521503 -3.748499, -38.521835 -3.746951, -38.521956 -3.746343, -38.522597 -3.743313, -38.523647 -3.738296, -38.523928 -3.736904, -38.52579 -3.736321, -38.528649 -3.735418, -38.530626 -3.734789, -38.532779 -3.734131, -38.534008 -3.733732, -38.536185 -3.733045, -38.536218 -3.733148, -38.537435 -3.737247, -38.537701 -3.737647, -38.538172 -3.738133, -38.538583 -3.737791, -38.541492 -3.737224, -38.541639 -3.737211, -38.543642 -3.738007, -38.543322 -3.739776, -38.543129 -3.740948, -38.543078 -3.741412, -38.543073 -3.741794, -38.54315 -3.742313, -38.543328 -3.742897, -38.543619 -3.743072, -38.543844 -3.743271, -38.544226 -3.743685, -38.545156 -3.74483, -38.546548 -3.746207, -38.547667 -3.747327, -38.550496 -3.750118, -38.551176 -3.750799, -38.551949 -3.751594, -38.555409 -3.755024, -38.555282 -3.755156, -38.55538 -3.755256, -38.553776 -3.756718, -38.553516 -3.756947, -38.555578 -3.759269, -38.556581 -3.760387, -38.556999 -3.760891, -38.557222 -3.761214, -38.557451 -3.761597, -38.557732 -3.762171, -38.558247 -3.763411, -38.559814 -3.767236, -38.563805 -3.765561, -38.565085 -3.765, -38.566708 -3.764139, -38.567502 -3.765376, -38.56803 -3.766102, -38.568284 -3.766361, -38.569067 -3.766903, -38.569362 -3.767197, -38.569688 -3.767614, -38.569817 -3.767879, -38.57038 -3.770091, -38.570607 -3.770597, -38.570858 -3.771027, -38.572158 -3.772365, -38.573215 -3.77348, -38.57487 -3.775294, -38.576203 -3.77678, -38.578659 -3.779599, -38.579265 -3.780275, -38.580202 -3.781364, -38.582019 -3.783441, -38.583449 -3.785094, -38.583707 -3.78545, -38.58427 -3.78629, -38.584466 -3.78656, -38.584826 -3.787323, -38.58516 -3.787532, -38.585688 -3.787981, -38.588019 -3.790375, -38.588618 -3.791003, -38.588107 -3.792254, -38.587079 -3.794869, -38.58637 -3.796627, -38.58565 -3.795847, -38.584758 -3.794863, -38.58418 -3.794241, -38.583012 -3.795358, -38.580321 -3.792462, -38.578438 -3.790422, -38.578101 -3.790065, -38.578136 -3.790714, -38.574657 -3.790828, -38.574685 -3.791456, -38.574422 -3.791459, -38.573219 -3.791067, -38.572081 -3.790725, -38.571787 -3.790592, -38.571625 -3.790476, -38.571444 -3.790249, -38.57102 -3.789569, -38.570499 -3.788923, -38.570245 -3.788738, -38.569423 -3.788396, -38.568804 -3.788168, -38.56848 -3.788106, -38.568096 -3.78811, -38.567746 -3.788018, -38.567471 -3.788044, -38.567296 -3.787933, -38.567063 -3.78766, -38.566738 -3.787554, -38.566756 -3.786721, -38.566699 -3.786361, -38.566228 -3.784773, -38.56578 -3.783291, -38.564113 -3.783812, -38.564016 -3.783516, -38.563104 -3.78242, -38.562318 -3.781452, -38.56064 -3.779398, -38.560192 -3.779783, -38.559867 -3.779986, -38.557554 -3.781229, -38.555195 -3.782508, -38.555176 -3.782477, -38.554763 -3.78276, -38.554502 -3.783011, -38.553905 -3.783896, -38.553305 -3.782414, -38.551937 -3.778983, -38.551521 -3.777948, -38.552654 -3.777596, -38.552286 -3.776512, -38.551678 -3.774688, -38.551029 -3.77278, -38.550383 -3.770918, -38.550265 -3.771056, -38.550341 -3.771483, -38.550814 -3.7729, -38.550927 -3.773342, -38.550957 -3.773749, -38.550904 -3.7743, -38.55078 -3.774736, -38.550566 -3.775195, -38.550365 -3.775501, -38.55015 -3.775763, -38.547054 -3.778479, -38.546504 -3.778824, -38.545868 -3.779135, -38.544421 -3.779591, -38.535349 -3.78235, -38.533998 -3.782755, -38.528939 -3.784357, -38.52843 -3.78447, -38.527947 -3.784496, -38.527465 -3.784455, -38.526968 -3.784333, -38.526683 -3.784231, -38.525377 -3.783553, -38.525129 -3.783468, -38.524542 -3.783329, -38.524142 -3.783304, -38.523635 -3.78335, -38.518604 -3.784329, -38.517783 -3.784444, -38.517458 -3.784423, -38.517167 -3.784304, -38.516909 -3.784044, -38.516758 -3.78372, -38.516644 -3.783258, -38.51641 -3.78262, -38.516148 -3.781833, -38.515783 -3.780838, -38.515519 -3.78018, -38.515252 -3.779769, -38.515061 -3.779582, -38.514727 -3.77936, -38.514497 -3.77927, -38.514803 -3.778096, -38.516477 -3.778563, -38.51792 -3.778932, -38.517808 -3.778275, -38.517898 -3.776313, -38.517931 -3.775892, -38.518032 -3.773671, -38.518068 -3.773187, -38.518222 -3.770056, -38.51707 -3.769882, -38.51732 -3.768987, -38.517824 -3.766973, -38.518068 -3.765925, -38.518226 -3.765102, -38.518487 -3.763417, -38.519036 -3.759806))",SER 4,
"POLYGON ((-38.60196 -3.804791, -38.60017 -3.80293, -38.598818 -3.801562, -38.597495 -3.800168, -38.596156 -3.798778, -38.594961 -3.797547, -38.591736 -3.794211, -38.591041 -3.793498, -38.589304 -3.791702, -38.588618 -3.791003, -38.588019 -3.790375, -38.585688 -3.787981, -38.58516 -3.787532, -38.584826 -3.787323, -38.584644 -3.786913, -38.584466 -3.78656, -38.58427 -3.78629, -38.583707 -3.78545, -38.583449 -3.785094, -38.582019 -3.783441, -38.580202 -3.781364, -38.579829 -3.780923, -38.579265 -3.780275, -38.578659 -3.779599, -38.578505 -3.779414, -38.57791 -3.778744, -38.576203 -3.77678, -38.576944 -3.776487, -38.577095 -3.776448, -38.57766 -3.776401, -38.577974 -3.776354, -38.578257 -3.77626, -38.57893 -3.775977, -38.579464 -3.775825, -38.580919 -3.775505, -38.581933 -3.775264, -38.582134 -3.775177, -38.582289 -3.775054, -38.583378 -3.774098, -38.583656 -3.773766, -38.583887 -3.77357, -38.584492 -3.773215, -38.584658 -3.773135, -38.584896 -3.773113, -38.585269 -3.773212, -38.585462 -3.773308, -38.586102 -3.773672, -38.586561 -3.773879, -38.586803 -3.773936, -38.588246 -3.77403, -38.588641 -3.774065, -38.589026 -3.773818, -38.589988 -3.77322, -38.590488 -3.772859, -38.590784 -3.772615, -38.590948 -3.772517, -38.591699 -3.77315, -38.592026 -3.773386, -38.592654 -3.774037, -38.593955 -3.773032, -38.595562 -3.771775, -38.595778 -3.771856, -38.595895 -3.771953, -38.596002 -3.7722, -38.596029 -3.77265, -38.596118 -3.772876, -38.596446 -3.772745, -38.597016 -3.772352, -38.597144 -3.772287, -38.597831 -3.772002, -38.597964 -3.772645, -38.598063 -3.77295, -38.598165 -3.773076, -38.598343 -3.773219, -38.598531 -3.77329, -38.598847 -3.773301, -38.599959 -3.773129, -38.60026 -3.773176, -38.600459 -3.773283, -38.600641 -3.77351, -38.601089 -3.774122, -38.601444 -3.774505, -38.601777 -3.774673, -38.602066 -3.774747, -38.603589 -3.774912, -38.605986 -3.775201, -38.607131 -3.775435, -38.607627 -3.775528, -38.608887 -3.775694, -38.611544 -3.776037, -38.612604 -3.776179, -38.614545 -3.776374, -38.617944 -3.776727, -38.619579 -3.776909, -38.621193 -3.777059, -38.621731 -3.778975, -38.621941 -3.779682, -38.622516 -3.781788, -38.623952 -3.781371, -38.625448 -3.780959, -38.625806 -3.782315, -38.626009 -3.783024, -38.627452 -3.78263, -38.627623 -3.78331, -38.627817 -3.784004, -38.628028 -3.784678, -38.630278 -3.784053, -38.630901 -3.78387, -38.630954 -3.783824, -38.631376 -3.783742, -38.631544 -3.783687, -38.633429 -3.790581, -38.633855 -3.790748, -38.634379 -3.79123, -38.634952 -3.791458, -38.635054 -3.791717, -38.635236 -3.791849, -38.635277 -3.792044, -38.635164 -3.792238, -38.635158 -3.792606, -38.63497 -3.792726, -38.634872 -3.792836, -38.634862 -3.792933, -38.634934 -3.792971, -38.634976 -3.793094, -38.634898 -3.793233, -38.634876 -3.793373, -38.635009 -3.793509, -38.635234 -3.793543, -38.635451 -3.793614, -38.635509 -3.793696, -38.635576 -3.794083, -38.635713 -3.794435, -38.635681 -3.794742, -38.635628 -3.794872, -38.635483 -3.794956, -38.635381 -3.795223, -38.635265 -3.79542, -38.63518 -3.795498, -38.635124 -3.795739, -38.635195 -3.795911, -38.635362 -3.796091, -38.635301 -3.796421, -38.635217 -3.796651, -38.635122 -3.796777, -38.634947 -3.796912, -38.63458 -3.797065, -38.634452 -3.797206, -38.634361 -3.79746, -38.63438 -3.797753, -38.634526 -3.798064, -38.634604 -3.798365, -38.634813 -3.798476, -38.634828 -3.79865, -38.634793 -3.798794, -38.634856 -3.798916, -38.634928 -3.79894, -38.634997 -3.799075, -38.635289 -3.799064, -38.635404 -3.79934, -38.63543 -3.799633, -38.635565 -3.799965, -38.635755 -3.800163, -38.636021 -3.800235, -38.636547 -3.800502, -38.636686 -3.800602, -38.636832 -3.800767, -38.637103 -3.800837, -38.637356 -3.801028, -38.637772 -3.801192, -38.637903 -3.801395, -38.637726 -3.804688, -38.637165 -3.804782, -38.636751 -3.804863, -38.636665 -3.804932, -38.636341 -3.80503, -38.635279 -3.80523, -38.633229 -3.80567, -38.629768 -3.806537, -38.630154 -3.808254, -38.630527 -3.809744, -38.628204 -3.810353, -38.628067 -3.810371, -38.626861 -3.811228, -38.625542 -3.812231, -38.62152 -3.815259, -38.6225 -3.816966, -38.621405 -3.818044, -38.6206 -3.8188, -38.619799 -3.819568, -38.619002 -3.820345, -38.618135 -3.821218, -38.617861 -3.820951, -38.617781 -3.820993, -38.614267 -3.8174, -38.611847 -3.81493, -38.609578 -3.812623, -38.608842 -3.811866, -38.60698 -3.809968, -38.602725 -3.805565, -38.60196 -3.804791))",SER 5,
"POLYGON ((-38.472661 -3.853997, -38.47131 -3.853629, -38.47106 -3.852739, -38.471456 -3.852299, -38.471456 -3.851503, -38.47107 -3.851094, -38.47106 -3.850696, -38.470382 -3.850256, -38.469622 -3.850183, -38.469028 -3.850895, -38.468725 -3.850822, -38.467662 -3.849387, -38.467432 -3.848057, -38.467313 -3.84535, -38.467147 -3.844743, -38.466813 -3.844512, -38.466334 -3.843507, -38.465167 -3.843151, -38.464458 -3.842166, -38.463645 -3.842187, -38.463791 -3.843444, -38.463374 -3.843632, -38.462666 -3.843486, -38.460894 -3.842878, -38.45881 -3.843067, -38.458122 -3.842669, -38.457184 -3.841475, -38.455908 -3.840731, -38.453296 -3.84037, -38.451477 -3.839701, -38.449888 -3.837871, -38.44738 -3.831465, -38.445741 -3.82642, -38.445459 -3.821555, -38.445472 -3.820656, -38.44519 -3.819266, -38.443961 -3.817928, -38.442604 -3.815791, -38.442271 -3.813732, -38.442219 -3.811673, -38.443167 -3.809279, -38.444381 -3.807927, -38.445085 -3.807018, -38.445996 -3.805212, -38.448633 -3.805659, -38.452857 -3.80602, -38.454837 -3.806341, -38.45752 -3.806912, -38.459222 -3.807426, -38.461604 -3.807794, -38.463391 -3.806723, -38.464446 -3.805992, -38.465272 -3.80527, -38.465607 -3.803579, -38.465888 -3.800827, -38.472851 -3.801408, -38.479359 -3.801975, -38.480006 -3.794307, -38.480244 -3.791965, -38.480678 -3.786924, -38.485673 -3.787368, -38.486057 -3.787351, -38.49075 -3.786741, -38.492125 -3.786812, -38.493142 -3.787031, -38.494916 -3.786531, -38.493965 -3.783282, -38.494872 -3.783012, -38.495122 -3.782137, -38.495851 -3.78148, -38.496307 -3.780776, -38.497856 -3.779714, -38.498672 -3.779508, -38.498961 -3.779212, -38.499326 -3.777538, -38.499745 -3.776997, -38.499729 -3.776363, -38.50221 -3.775545, -38.503314 -3.774728, -38.505371 -3.772748, -38.506508 -3.772101, -38.508233 -3.771755, -38.509466 -3.771353, -38.509323 -3.770171, -38.508905 -3.768549, -38.507098 -3.763854, -38.506108 -3.762418, -38.508193 -3.76262, -38.508622 -3.762548, -38.509783 -3.762766, -38.511069 -3.76275, -38.513052 -3.762395, -38.513705 -3.762523, -38.515106 -3.762173, -38.516547 -3.761579, -38.517277 -3.761063, -38.517981 -3.760185, -38.518998 -3.760066, -38.518226 -3.765102, -38.517824 -3.766973, -38.51707 -3.769882, -38.518222 -3.770056, -38.517808 -3.778275, -38.51792 -3.778932, -38.514803 -3.778096, -38.514194 -3.780272, -38.503021 -3.804153, -38.50216 -3.806134, -38.501921 -3.806397, -38.50086 -3.808675, -38.50022 -3.810827, -38.499593 -3.811887, -38.499268 -3.813085, -38.497997 -3.815966, -38.498982 -3.81634, -38.500092 -3.817164, -38.501636 -3.816129, -38.504643 -3.827845, -38.504907 -3.82922, -38.504914 -3.830155, -38.504586 -3.83162, -38.499399 -3.842466, -38.498329 -3.841552, -38.497122 -3.84034, -38.495343 -3.839797, -38.49419 -3.83901, -38.494278 -3.842254, -38.494493 -3.846282, -38.494805 -3.848554, -38.495428 -3.85217, -38.495439 -3.853062, -38.496417 -3.85863, -38.497376 -3.86274, -38.497604 -3.864316, -38.497639 -3.867791, -38.497733 -3.868559, -38.500638 -3.878964, -38.501708 -3.888051, -38.501191 -3.888176, -38.50064 -3.887845, -38.499302 -3.887529, -38.498644 -3.887586, -38.497785 -3.887284, -38.497434 -3.886658, -38.496082 -3.886285, -38.496082 -3.88558, -38.495509 -3.885386, -38.494908 -3.884781, -38.494679 -3.884213, -38.493899 -3.883954, -38.493756 -3.88335, -38.493949 -3.882703, -38.49357 -3.882494, -38.493412 -3.881207, -38.493133 -3.88056, -38.492597 -3.880179, -38.492403 -3.87961, -38.492432 -3.878654, -38.492675 -3.877913, -38.492511 -3.877244, -38.492232 -3.877, -38.492403 -3.87654, -38.492038 -3.876194, -38.491988 -3.875346, -38.491666 -3.875267, -38.491881 -3.874461, -38.491559 -3.873879, -38.491115 -3.873656, -38.490944 -3.873228, -38.489489 -3.871213, -38.488904 -3.869685, -38.488786 -3.867902, -38.488375 -3.866818, -38.487855 -3.866357, -38.486622 -3.865827, -38.48594 -3.865267, -38.485392 -3.864489, -38.484427 -3.864261, -38.484293 -3.863882, -38.483047 -3.863135, -38.48239 -3.863134, -38.481009 -3.863735, -38.480655 -3.863515, -38.480192 -3.862748, -38.479713 -3.862277, -38.477962 -3.862237, -38.47744 -3.861504, -38.477388 -3.861002, -38.478044 -3.860227, -38.477774 -3.859211, -38.477242 -3.858739, -38.476252 -3.858132, -38.475439 -3.858059, -38.475366 -3.857315, -38.475689 -3.856791, -38.475939 -3.855817, -38.475846 -3.855252, -38.475231 -3.854613, -38.474783 -3.854477, -38.473907 -3.854822, -38.472661 -3.853997))",SER 6,
"POLYGON ((-38.445807 -3.804867, -38.445462 -3.804676, -38.445331 -3.804367, -38.445033 -3.804308, -38.4447 -3.804415, -38.444486 -3.804224, -38.444379 -3.803392, -38.443487 -3.802773, -38.443308 -3.802487, -38.443106 -3.801845, -38.442929 -3.80155, -38.409895 -3.818832, -38.408415 -3.819611, -38.407005 -3.820508, -38.40587 -3.821542, -38.405732 -3.82206, -38.405766 -3.822682, -38.405997 -3.823819, -38.405931 -3.823986, -38.405288 -3.824556, -38.404473 -3.825085, -38.402966 -3.826465, -38.402302 -3.82674, -38.401804 -3.826861, -38.401357 -3.826585, -38.401328 -3.826083, -38.401394 -3.825521, -38.401905 -3.824297, -38.401767 -3.82376, -38.401784 -3.822966, -38.401689 -3.821865, -38.402214 -3.82086, -38.40281 -3.819927, -38.403359 -3.819377, -38.404122 -3.818492, -38.405707 -3.816583, -38.407927 -3.813019, -38.408615 -3.812019, -38.408998 -3.810943, -38.410069 -3.809686, -38.413115 -3.805255, -38.414235 -3.803611, -38.415261 -3.802415, -38.415929 -3.80129, -38.417134 -3.799556, -38.418052 -3.7983, -38.418642 -3.796932, -38.420944 -3.794007, -38.423443 -3.789495, -38.424716 -3.787433, -38.426857 -3.783443, -38.429573 -3.779088, -38.43025 -3.777878, -38.432818 -3.773154, -38.4337 -3.771622, -38.434535 -3.770594, -38.43525 -3.769541, -38.435609 -3.769394, -38.435866 -3.769072, -38.436174 -3.768282, -38.436944 -3.767196, -38.437993 -3.765043, -38.438971 -3.763847, -38.43952 -3.762722, -38.440388 -3.761739, -38.440999 -3.760353, -38.44264 -3.757542, -38.44593 -3.750691, -38.447488 -3.747959, -38.449004 -3.74491, -38.449778 -3.74358, -38.450446 -3.742001, -38.451448 -3.740182, -38.452012 -3.739282, -38.452271 -3.738396, -38.453237 -3.736808, -38.453775 -3.735471, -38.454955 -3.733073, -38.455596 -3.731939, -38.45619 -3.731107, -38.45636 -3.730288, -38.457404 -3.730778, -38.45792 -3.730968, -38.461528 -3.732729, -38.461941 -3.732814, -38.46223 -3.732756, -38.463958 -3.73206, -38.463552 -3.732914, -38.460235 -3.739748, -38.458944 -3.742424, -38.45875 -3.742941, -38.458254 -3.743959, -38.457766 -3.744857, -38.456956 -3.746493, -38.455557 -3.749394, -38.455478 -3.749632, -38.456271 -3.749759, -38.456887 -3.749661, -38.465642 -3.746839, -38.4697 -3.745541, -38.475177 -3.743776, -38.479683 -3.742304, -38.48725 -3.739868, -38.48804 -3.741135, -38.488833 -3.74198, -38.489476 -3.743002, -38.489827 -3.743729, -38.49057 -3.744931, -38.491789 -3.746549, -38.493912 -3.749198, -38.492308 -3.749723, -38.490229 -3.750374, -38.490659 -3.752309, -38.491644 -3.752176, -38.492302 -3.752178, -38.492789 -3.752287, -38.493393 -3.752641, -38.495003 -3.754024, -38.495695 -3.754532, -38.496388 -3.754865, -38.498071 -3.755392, -38.49868 -3.75566, -38.499927 -3.755836, -38.500811 -3.756272, -38.501101 -3.756766, -38.501333 -3.756867, -38.501813 -3.757389, -38.502018 -3.757775, -38.502022 -3.75825, -38.50242 -3.759321, -38.502558 -3.75986, -38.50292 -3.760912, -38.503221 -3.761551, -38.503525 -3.761829, -38.504382 -3.762174, -38.504996 -3.762196, -38.50543 -3.762324, -38.506108 -3.762418, -38.50685 -3.763374, -38.507098 -3.763854, -38.508905 -3.768549, -38.509323 -3.770171, -38.509466 -3.771353, -38.508233 -3.771755, -38.506508 -3.772101, -38.505925 -3.772353, -38.505371 -3.772748, -38.504012 -3.774002, -38.503314 -3.774728, -38.50221 -3.775545, -38.499729 -3.776363, -38.499745 -3.776997, -38.499326 -3.777538, -38.499207 -3.777885, -38.499108 -3.7786, -38.498961 -3.779212, -38.498672 -3.779508, -38.497856 -3.779714, -38.497035 -3.780191, -38.496307 -3.780776, -38.495851 -3.78148, -38.495307 -3.781901, -38.495122 -3.782137, -38.494872 -3.783012, -38.493965 -3.783282, -38.494916 -3.786531, -38.493142 -3.787031, -38.492947 -3.787044, -38.492125 -3.786812, -38.49075 -3.786741, -38.488414 -3.787035, -38.486057 -3.787351, -38.485673 -3.787368, -38.480678 -3.786924, -38.480244 -3.791965, -38.48007 -3.793202, -38.480006 -3.794307, -38.479682 -3.798216, -38.479359 -3.801975, -38.476104 -3.801708, -38.472851 -3.801408, -38.470066 -3.801169, -38.465888 -3.800827, -38.465607 -3.803579, -38.465455 -3.804099, -38.465378 -3.805006, -38.465272 -3.80527, -38.464446 -3.805992, -38.463391 -3.806723, -38.461871 -3.807596, -38.461604 -3.807794, -38.460086 -3.80759, -38.459222 -3.807426, -38.45752 -3.806912, -38.454837 -3.806341, -38.452857 -3.80602, -38.450562 -3.805812, -38.448633 -3.805659, -38.447126 -3.805423, -38.445996 -3.805212, -38.445807 -3.804867))",SER 7,
"POLYGON ((-38.540842 -3.850359, -38.539746 -3.843685, -38.539494 -3.842012, -38.538462 -3.840576, -38.538265 -3.840444, -38.535852 -3.843152, -38.535821 -3.842938, -38.535245 -3.842705, -38.535146 -3.8422, -38.535546 -3.841552, -38.535306 -3.841044, -38.535341 -3.840428, -38.535126 -3.840172, -38.534309 -3.840118, -38.53438 -3.83947, -38.534242 -3.839029, -38.533752 -3.838533, -38.533032 -3.838036, -38.532373 -3.837019, -38.532318 -3.836312, -38.531813 -3.835926, -38.531092 -3.835081, -38.531029 -3.834679, -38.530538 -3.833933, -38.530349 -3.833119, -38.53092 -3.832504, -38.531232 -3.83171, -38.531074 -3.830682, -38.530253 -3.830331, -38.529408 -3.82966, -38.528439 -3.829418, -38.528139 -3.828799, -38.527658 -3.828431, -38.527192 -3.828339, -38.526315 -3.827251, -38.524894 -3.826353, -38.524031 -3.826071, -38.52368 -3.825462, -38.522538 -3.824765, -38.521413 -3.824568, -38.521075 -3.824012, -38.520768 -3.822509, -38.520266 -3.821778, -38.519482 -3.821476, -38.519023 -3.82062, -38.51909 -3.81973, -38.519427 -3.819184, -38.51925 -3.818519, -38.5196 -3.818142, -38.5193 -3.816552, -38.518884 -3.815619, -38.518513 -3.815295, -38.518073 -3.814533, -38.517406 -3.814216, -38.516996 -3.814181, -38.516316 -3.813015, -38.515804 -3.81291, -38.515458 -3.812537, -38.515149 -3.811575, -38.515097 -3.811044, -38.514746 -3.810065, -38.515199 -3.809424, -38.514898 -3.807783, -38.515168 -3.807084, -38.514686 -3.806566, -38.514807 -3.806162, -38.515263 -3.805873, -38.515419 -3.804898, -38.514705 -3.804392, -38.514695 -3.804118, -38.515168 -3.803536, -38.515157 -3.802838, -38.51497 -3.802225, -38.515178 -3.801752, -38.515041 -3.801097, -38.515435 -3.800855, -38.515434 -3.800422, -38.514966 -3.799658, -38.514244 -3.799014, -38.51447 -3.798609, -38.514425 -3.798138, -38.513736 -3.797268, -38.513156 -3.79726, -38.51305 -3.796473, -38.51319 -3.795979, -38.513678 -3.795593, -38.514061 -3.795568, -38.514573 -3.794686, -38.514739 -3.794042, -38.514697 -3.793429, -38.51445 -3.792812, -38.513928 -3.792825, -38.513786 -3.792558, -38.51411 -3.791997, -38.514896 -3.792386, -38.515164 -3.792294, -38.515427 -3.791585, -38.515364 -3.790177, -38.51495 -3.788799, -38.514432 -3.788459, -38.513616 -3.788546, -38.513078 -3.787728, -38.513142 -3.786488, -38.512966 -3.785792, -38.513341 -3.785373, -38.513485 -3.783864, -38.51262 -3.783651, -38.514194 -3.780272, -38.514497 -3.77927, -38.515252 -3.779769, -38.515519 -3.78018, -38.516148 -3.781833, -38.516909 -3.784044, -38.517167 -3.784304, -38.517783 -3.784444, -38.518604 -3.784329, -38.523635 -3.78335, -38.524542 -3.783329, -38.525377 -3.783553, -38.526683 -3.784231, -38.527465 -3.784455, -38.52843 -3.78447, -38.528939 -3.784357, -38.533998 -3.782755, -38.544421 -3.779591, -38.545868 -3.779135, -38.547054 -3.778479, -38.55015 -3.775763, -38.550566 -3.775195, -38.550904 -3.7743, -38.550957 -3.773749, -38.550814 -3.7729, -38.550341 -3.771483, -38.550383 -3.770918, -38.552654 -3.777596, -38.551521 -3.777948, -38.553905 -3.783896, -38.554502 -3.783011, -38.555195 -3.782508, -38.559867 -3.779986, -38.56064 -3.779398, -38.564016 -3.783516, -38.564113 -3.783812, -38.56578 -3.783291, -38.566699 -3.786361, -38.566738 -3.787554, -38.565706 -3.787516, -38.565282 -3.787034, -38.564321 -3.78702, -38.562702 -3.7876, -38.560629 -3.787994, -38.563495 -3.795562, -38.563118 -3.796036, -38.562398 -3.797627, -38.561776 -3.799788, -38.560579 -3.801313, -38.559947 -3.802953, -38.558008 -3.806131, -38.557518 -3.806779, -38.554923 -3.809304, -38.554615 -3.809473, -38.558006 -3.820518, -38.558115 -3.821068, -38.558694 -3.822916, -38.558872 -3.824524, -38.558883 -3.8256, -38.559187 -3.826863, -38.559525 -3.826754, -38.561468 -3.832333, -38.564642 -3.831189, -38.565348 -3.830889, -38.566673 -3.830585, -38.569584 -3.828287, -38.570615 -3.827234, -38.571878 -3.826213, -38.573388 -3.825256, -38.574138 -3.824289, -38.574054 -3.823966, -38.578221 -3.82261, -38.579135 -3.825435, -38.579132 -3.826265, -38.579636 -3.826973, -38.5816 -3.833064, -38.583442 -3.838673, -38.583349 -3.839394, -38.582864 -3.839452, -38.575092 -3.841484, -38.567398 -3.843449, -38.566282 -3.843636, -38.565473 -3.843568, -38.565571 -3.843868, -38.563117 -3.844823, -38.557292 -3.846927, -38.556945 -3.846999, -38.553444 -3.848396, -38.550884 -3.849367, -38.550673 -3.849621, -38.545312 -3.851789, -38.544641 -3.852159, -38.541359 -3.853367, -38.540842 -3.850359))",SER 8,
"POLYGON ((-38.501708 -3.888051, -38.500638 -3.878964, -38.497733 -3.868559, -38.497639 -3.867791, -38.497604 -3.864316, -38.497376 -3.86274, -38.496417 -3.85863, -38.495439 -3.853062, -38.495428 -3.85217, -38.494805 -3.848554, -38.494493 -3.846282, -38.494278 -3.842254, -38.49419 -3.83901, -38.495343 -3.839797, -38.497122 -3.84034, -38.498329 -3.841552, -38.499399 -3.842466, -38.502756 -3.835469, -38.504116 -3.832676, -38.504586 -3.83162, -38.504914 -3.830155, -38.504907 -3.82922, -38.504643 -3.827845, -38.503043 -3.821616, -38.501926 -3.817316, -38.501636 -3.816129, -38.500092 -3.817164, -38.498982 -3.81634, -38.497997 -3.815966, -38.499268 -3.813085, -38.499593 -3.811887, -38.50022 -3.810827, -38.50086 -3.808675, -38.501921 -3.806397, -38.50216 -3.806134, -38.503021 -3.804153, -38.511721 -3.785561, -38.51262 -3.783651, -38.512951 -3.783855, -38.513485 -3.783864, -38.513481 -3.784619, -38.513341 -3.785373, -38.512966 -3.785792, -38.513142 -3.786488, -38.513078 -3.787728, -38.513616 -3.788546, -38.513908 -3.788618, -38.514432 -3.788459, -38.51495 -3.788799, -38.515138 -3.789181, -38.515364 -3.790177, -38.515313 -3.790737, -38.515427 -3.791585, -38.515164 -3.792294, -38.514896 -3.792386, -38.51411 -3.791997, -38.513786 -3.792558, -38.513928 -3.792825, -38.51445 -3.792812, -38.514697 -3.793429, -38.514739 -3.794042, -38.514573 -3.794686, -38.514061 -3.795568, -38.513678 -3.795593, -38.51319 -3.795979, -38.51305 -3.796473, -38.513156 -3.79726, -38.513736 -3.797268, -38.514425 -3.798138, -38.51447 -3.798609, -38.514244 -3.799014, -38.514476 -3.799336, -38.514966 -3.799658, -38.515434 -3.800422, -38.515435 -3.800855, -38.515041 -3.801097, -38.515178 -3.801752, -38.51497 -3.802225, -38.515157 -3.802838, -38.515168 -3.803536, -38.514695 -3.804118, -38.514705 -3.804392, -38.51524 -3.804656, -38.515419 -3.804898, -38.515263 -3.805873, -38.514807 -3.806162, -38.514686 -3.806566, -38.515168 -3.807084, -38.514898 -3.807783, -38.514994 -3.808622, -38.515199 -3.809424, -38.514839 -3.80974, -38.514746 -3.810065, -38.515097 -3.811044, -38.515149 -3.811575, -38.515458 -3.812537, -38.515804 -3.81291, -38.516316 -3.813015, -38.516996 -3.814181, -38.517406 -3.814216, -38.518073 -3.814533, -38.518513 -3.815295, -38.518884 -3.815619, -38.5193 -3.816552, -38.5196 -3.818142, -38.51925 -3.818519, -38.519427 -3.819184, -38.51909 -3.81973, -38.519023 -3.82062, -38.519482 -3.821476, -38.520266 -3.821778, -38.520768 -3.822509, -38.521075 -3.824012, -38.521413 -3.824568, -38.522538 -3.824765, -38.52368 -3.825462, -38.524031 -3.826071, -38.524894 -3.826353, -38.525495 -3.826805, -38.526315 -3.827251, -38.527192 -3.828339, -38.527658 -3.828431, -38.528139 -3.828799, -38.528439 -3.829418, -38.529408 -3.82966, -38.529837 -3.8299, -38.530253 -3.830331, -38.530816 -3.830448, -38.531074 -3.830682, -38.531232 -3.83171, -38.53092 -3.832504, -38.530349 -3.833119, -38.530538 -3.833933, -38.531029 -3.834679, -38.531092 -3.835081, -38.531813 -3.835926, -38.532318 -3.836312, -38.532373 -3.837019, -38.533032 -3.838036, -38.533752 -3.838533, -38.534242 -3.839029, -38.53438 -3.83947, -38.534309 -3.840118, -38.535126 -3.840172, -38.535341 -3.840428, -38.535306 -3.841044, -38.535546 -3.841552, -38.535146 -3.8422, -38.535245 -3.842705, -38.535821 -3.842938, -38.535852 -3.843152, -38.538265 -3.840444, -38.538462 -3.840576, -38.539494 -3.842012, -38.539746 -3.843685, -38.540842 -3.850359, -38.541359 -3.853367, -38.542319 -3.85919, -38.539176 -3.859878, -38.536132 -3.860762, -38.52922 -3.862361, -38.524927 -3.863377, -38.522287 -3.863947, -38.518954 -3.864611, -38.519562 -3.865311, -38.520257 -3.866965, -38.520746 -3.867387, -38.52185 -3.867758, -38.523078 -3.868262, -38.524432 -3.868999, -38.525474 -3.869739, -38.526677 -3.870946, -38.527907 -3.872743, -38.528485 -3.874846, -38.529021 -3.875954, -38.529636 -3.878004, -38.530143 -3.878826, -38.531158 -3.879367, -38.526151 -3.883723, -38.5202 -3.889014, -38.516766 -3.892041, -38.515794 -3.892926, -38.514064 -3.894603, -38.512747 -3.89072, -38.512659 -3.890265, -38.511633 -3.889069, -38.510856 -3.888698, -38.509505 -3.88888, -38.509004 -3.888716, -38.508298 -3.888851, -38.507571 -3.889445, -38.505755 -3.890542, -38.505469 -3.890314, -38.50542 -3.889913, -38.504562 -3.889113, -38.504649 -3.88868, -38.504555 -3.88824, -38.503964 -3.888048, -38.50282 -3.888244, -38.501768 -3.888175, -38.501708 -3.888051))",SER 9,
"POLYGON ((-38.579479 -3.826616, -38.579132 -3.826265, -38.579088 -3.826056, -38.579149 -3.825823, -38.579135 -3.825435, -38.578516 -3.823541, -38.578221 -3.82261, -38.577254 -3.822924, -38.576922 -3.823042, -38.575687 -3.823426, -38.574514 -3.8238, -38.574054 -3.823966, -38.574138 -3.824289, -38.573388 -3.825256, -38.572956 -3.825581, -38.571878 -3.826213, -38.571187 -3.826746, -38.570615 -3.827234, -38.57065 -3.827279, -38.569881 -3.827987, -38.569584 -3.828287, -38.568106 -3.829491, -38.566673 -3.830585, -38.566432 -3.830676, -38.566272 -3.830654, -38.566026 -3.830701, -38.565743 -3.830796, -38.565348 -3.830889, -38.565061 -3.831028, -38.564642 -3.831189, -38.563107 -3.831742, -38.562284 -3.832034, -38.561468 -3.832333, -38.56075 -3.830321, -38.560612 -3.829845, -38.559525 -3.826754, -38.559187 -3.826863, -38.558962 -3.825978, -38.558883 -3.8256, -38.558856 -3.825189, -38.558872 -3.824524, -38.558738 -3.823157, -38.558694 -3.822916, -38.558115 -3.821068, -38.558006 -3.820518, -38.556115 -3.814362, -38.555256 -3.811588, -38.554615 -3.809473, -38.554923 -3.809304, -38.555463 -3.808771, -38.556894 -3.807379, -38.557518 -3.806779, -38.557703 -3.806584, -38.558008 -3.806131, -38.558996 -3.804486, -38.559947 -3.802953, -38.560066 -3.802682, -38.560221 -3.802177, -38.560425 -3.801601, -38.560579 -3.801313, -38.561776 -3.799788, -38.561983 -3.799075, -38.56232 -3.79788, -38.562398 -3.797627, -38.562704 -3.796846, -38.563118 -3.796036, -38.563495 -3.795562, -38.562568 -3.793223, -38.562555 -3.793101, -38.562074 -3.791804, -38.561716 -3.79088, -38.560629 -3.787994, -38.560904 -3.787984, -38.561018 -3.787947, -38.561247 -3.787986, -38.561327 -3.787892, -38.561796 -3.787772, -38.562362 -3.787678, -38.562702 -3.7876, -38.562951 -3.787487, -38.56318 -3.787352, -38.563428 -3.787327, -38.56411 -3.787098, -38.564158 -3.787116, -38.564321 -3.78702, -38.564476 -3.787052, -38.564816 -3.787048, -38.564998 -3.787008, -38.565131 -3.787073, -38.565282 -3.787034, -38.565456 -3.787124, -38.565534 -3.787303, -38.565706 -3.787516, -38.56587 -3.787542, -38.566293 -3.787492, -38.566418 -3.787457, -38.56664 -3.787471, -38.566788 -3.787592, -38.567063 -3.78766, -38.567296 -3.787933, -38.567471 -3.788044, -38.567746 -3.788018, -38.568096 -3.78811, -38.56848 -3.788106, -38.568804 -3.788168, -38.569423 -3.788396, -38.570245 -3.788738, -38.570499 -3.788923, -38.570636 -3.789073, -38.57102 -3.789569, -38.571146 -3.789792, -38.571444 -3.790249, -38.571625 -3.790476, -38.571787 -3.790592, -38.572081 -3.790725, -38.573219 -3.791067, -38.574422 -3.791459, -38.574685 -3.791456, -38.574657 -3.790828, -38.578136 -3.790714, -38.578101 -3.790065, -38.578438 -3.790422, -38.580321 -3.792462, -38.581602 -3.793843, -38.583012 -3.795358, -38.58418 -3.794241, -38.584758 -3.794863, -38.58565 -3.795847, -38.58637 -3.796627, -38.586701 -3.79579, -38.587079 -3.794869, -38.587433 -3.793961, -38.587773 -3.793111, -38.588107 -3.792254, -38.588618 -3.791003, -38.589304 -3.791702, -38.591041 -3.793498, -38.591736 -3.794211, -38.594961 -3.797547, -38.596156 -3.798778, -38.597495 -3.800168, -38.598818 -3.801562, -38.60017 -3.80293, -38.60196 -3.804791, -38.602725 -3.805565, -38.60698 -3.809968, -38.608842 -3.811866, -38.609578 -3.812623, -38.611847 -3.81493, -38.614267 -3.8174, -38.617781 -3.820993, -38.614992 -3.822449, -38.61415 -3.822857, -38.614336 -3.823117, -38.614639 -3.823278, -38.614737 -3.823504, -38.614761 -3.823641, -38.614695 -3.823935, -38.613601 -3.824442, -38.613197 -3.824661, -38.613222 -3.824741, -38.612221 -3.825229, -38.609452 -3.826695, -38.609318 -3.826741, -38.608334 -3.82725, -38.607353 -3.827768, -38.605432 -3.8288, -38.604506 -3.829309, -38.603479 -3.829849, -38.602739 -3.830196, -38.601923 -3.830615, -38.601492 -3.830859, -38.601319 -3.830938, -38.600542 -3.831346, -38.599777 -3.831731, -38.599531 -3.831882, -38.599016 -3.832128, -38.598578 -3.832396, -38.597585 -3.832905, -38.596817 -3.833269, -38.596635 -3.833375, -38.594515 -3.833947, -38.594284 -3.834104, -38.594127 -3.834164, -38.590025 -3.836974, -38.589808 -3.837236, -38.589599 -3.83753, -38.5876 -3.838911, -38.587071 -3.838665, -38.584233 -3.839389, -38.583971 -3.839013, -38.583802 -3.838898, -38.583633 -3.838891, -38.583464 -3.838984, -38.583442 -3.838673, -38.582959 -3.837172, -38.582516 -3.835849, -38.5816 -3.833064, -38.581322 -3.832168, -38.579636 -3.826973, -38.579479 -3.826616))",SER 10,
"POLYGON ((-38.619579 -3.776909, -38.617944 -3.776727, -38.614545 -3.776374, -38.612604 -3.776179, -38.607627 -3.775528, -38.605986 -3.775201, -38.603589 -3.774912, -38.602066 -3.774747, -38.601777 -3.774673, -38.601444 -3.774505, -38.601089 -3.774122, -38.600459 -3.773283, -38.60026 -3.773176, -38.599959 -3.773129, -38.598847 -3.773301, -38.598343 -3.773219, -38.598063 -3.77295, -38.597831 -3.772002, -38.597016 -3.772352, -38.596446 -3.772745, -38.596118 -3.772876, -38.596029 -3.77265, -38.596002 -3.7722, -38.595895 -3.771953, -38.595562 -3.771775, -38.592654 -3.774037, -38.592026 -3.773386, -38.591699 -3.77315, -38.590948 -3.772517, -38.589988 -3.77322, -38.588641 -3.774065, -38.586803 -3.773936, -38.586561 -3.773879, -38.586102 -3.773672, -38.585269 -3.773212, -38.584896 -3.773113, -38.584658 -3.773135, -38.583887 -3.77357, -38.583656 -3.773766, -38.583378 -3.774098, -38.582289 -3.775054, -38.581933 -3.775264, -38.580919 -3.775505, -38.579464 -3.775825, -38.57893 -3.775977, -38.577974 -3.776354, -38.577095 -3.776448, -38.576203 -3.77678, -38.57487 -3.775294, -38.573215 -3.77348, -38.572158 -3.772365, -38.570858 -3.771027, -38.570607 -3.770597, -38.57038 -3.770091, -38.569817 -3.767879, -38.569688 -3.767614, -38.569362 -3.767197, -38.569067 -3.766903, -38.568284 -3.766361, -38.56803 -3.766102, -38.567502 -3.765376, -38.566708 -3.764139, -38.565085 -3.765, -38.563805 -3.765561, -38.559814 -3.767236, -38.558247 -3.763411, -38.557732 -3.762171, -38.557451 -3.761597, -38.556999 -3.760891, -38.556581 -3.760387, -38.555578 -3.759269, -38.553516 -3.756947, -38.55538 -3.755256, -38.555282 -3.755156, -38.557373 -3.752932, -38.558524 -3.751587, -38.559206 -3.750812, -38.560412 -3.749238, -38.562238 -3.747125, -38.563145 -3.746052, -38.564858 -3.743921, -38.564934 -3.74379, -38.56596 -3.742577, -38.566215 -3.742316, -38.566895 -3.741759, -38.567566 -3.740937, -38.567882 -3.74038, -38.568227 -3.739926, -38.569084 -3.738877, -38.569273 -3.738422, -38.569288 -3.7382, -38.569224 -3.73673, -38.569767 -3.736822, -38.571121 -3.736942, -38.573319 -3.737196, -38.573301 -3.737396, -38.573558 -3.737597, -38.573755 -3.737858, -38.574002 -3.737971, -38.574167 -3.738153, -38.574721 -3.738373, -38.575298 -3.738642, -38.57569 -3.738745, -38.576211 -3.738652, -38.576344 -3.738681, -38.577062 -3.739101, -38.577337 -3.73937, -38.577826 -3.739715, -38.57825 -3.740303, -38.578757 -3.741222, -38.579194 -3.741456, -38.579885 -3.741679, -38.580183 -3.741817, -38.580527 -3.741847, -38.580761 -3.741946, -38.58179 -3.742172, -38.582225 -3.742305, -38.582501 -3.742633, -38.582729 -3.742627, -38.58312 -3.742925, -38.58334 -3.742901, -38.58377 -3.743025, -38.584036 -3.743296, -38.584168 -3.743613, -38.58459 -3.744242, -38.584781 -3.744402, -38.585164 -3.744466, -38.585383 -3.744648, -38.585647 -3.74537, -38.585847 -3.745611, -38.586007 -3.746143, -38.586228 -3.746376, -38.58634 -3.746599, -38.586669 -3.746769, -38.587027 -3.747173, -38.58735 -3.747382, -38.587794 -3.747853, -38.587998 -3.747936, -38.588457 -3.748237, -38.588639 -3.74828, -38.588819 -3.748635, -38.589148 -3.748708, -38.589894 -3.748694, -38.590897 -3.748508, -38.592284 -3.748346, -38.592889 -3.748121, -38.593521 -3.748076, -38.59436 -3.747902, -38.595343 -3.747825, -38.59554 -3.748083, -38.59572 -3.748174, -38.596067 -3.748068, -38.596496 -3.747721, -38.596698 -3.747656, -38.597396 -3.747716, -38.598178 -3.747561, -38.598386 -3.747409, -38.598605 -3.747085, -38.59856 -3.746663, -38.598291 -3.746399, -38.597915 -3.746205, -38.597778 -3.746037, -38.597546 -3.745273, -38.597499 -3.74475, -38.598012 -3.743957, -38.598043 -3.743263, -38.598256 -3.74298, -38.598759 -3.742482, -38.598931 -3.742229, -38.599196 -3.743072, -38.599888 -3.745146, -38.600642 -3.747335, -38.600994 -3.748036, -38.601332 -3.748466, -38.60154 -3.748647, -38.602106 -3.748963, -38.605573 -3.751289, -38.607906 -3.752865, -38.608668 -3.753435, -38.609342 -3.753996, -38.609831 -3.754464, -38.610891 -3.755709, -38.611217 -3.756174, -38.611561 -3.756747, -38.611936 -3.757438, -38.61257 -3.758837, -38.613473 -3.760919, -38.614019 -3.76214, -38.615056 -3.764565, -38.61662 -3.768112, -38.616947 -3.768664, -38.616793 -3.768829, -38.617922 -3.7703, -38.618166 -3.770667, -38.618513 -3.771402, -38.61936 -3.773008, -38.620251 -3.774744, -38.621013 -3.776168, -38.621453 -3.777029, -38.621193 -3.777059, -38.619579 -3.776909))",SER 11,
"POLYGON ((-38.539999 -3.730132, -38.539937 -3.730562, -38.539923 -3.730635, -38.5402 -3.730698, -38.540335 -3.731066, -38.54054 -3.731648, -38.539318 -3.732048, -38.538371 -3.732349, -38.536542 -3.732935, -38.535917 -3.733126, -38.534855 -3.733465, -38.534008 -3.733732, -38.532779 -3.734131, -38.532361 -3.734261, -38.531156 -3.734626, -38.530626 -3.734789, -38.528649 -3.735418, -38.527666 -3.735725, -38.526591 -3.736067, -38.52579 -3.736321, -38.525287 -3.736479, -38.524248 -3.736803, -38.523802 -3.736943, -38.522988 -3.737197, -38.520377 -3.73802, -38.51937 -3.738337, -38.518188 -3.738713, -38.517879 -3.738808, -38.517554 -3.738914, -38.517511 -3.738788, -38.516959 -3.736985, -38.516704 -3.736161, -38.516667 -3.736034, -38.516408 -3.736118, -38.516138 -3.735259, -38.515839 -3.734298, -38.515755 -3.734025, -38.51545 -3.733059, -38.515174 -3.732157, -38.514962 -3.731482, -38.514812 -3.73099, -38.514591 -3.730294, -38.514353 -3.72955, -38.514158 -3.728916, -38.514077 -3.728656, -38.513905 -3.728124, -38.513878 -3.728026, -38.513682 -3.727406, -38.513522 -3.72688, -38.513441 -3.72663, -38.513381 -3.726464, -38.513303 -3.726204, -38.513018 -3.725289, -38.512613 -3.724011, -38.512559 -3.72382, -38.512475 -3.723561, -38.51241 -3.723382, -38.512345 -3.723147, -38.512236 -3.722785, -38.512149 -3.722519, -38.512082 -3.722301, -38.511997 -3.722042, -38.511807 -3.721448, -38.511643 -3.720925, -38.51155 -3.720646, -38.511151 -3.71935, -38.511235 -3.719298, -38.511496 -3.719021, -38.511505 -3.718711, -38.510938 -3.713533, -38.511191 -3.713506, -38.511724 -3.718448, -38.51178 -3.71859, -38.512686 -3.718686, -38.51332 -3.718773, -38.514309 -3.718761, -38.515271 -3.718494, -38.515739 -3.71851, -38.516477 -3.718427, -38.516859 -3.71839, -38.516274 -3.71585, -38.516394 -3.715832, -38.516989 -3.718332, -38.517002 -3.718354, -38.517363 -3.718336, -38.517895 -3.7182, -38.519418 -3.71785, -38.519868 -3.717706, -38.520108 -3.71747, -38.519702 -3.715783, -38.519856 -3.715747, -38.520222 -3.717395, -38.520566 -3.717291, -38.520369 -3.716127, -38.520484 -3.716099, -38.52071 -3.717168, -38.520819 -3.717464, -38.52104 -3.717855, -38.526555 -3.715401, -38.527593 -3.716027, -38.527474 -3.716171, -38.52651 -3.715584, -38.52231 -3.717468, -38.522408 -3.717794, -38.522614 -3.71813, -38.523005 -3.717954, -38.523442 -3.71762, -38.523353 -3.717389, -38.5235 -3.717314, -38.523666 -3.717746, -38.524367 -3.717416, -38.524491 -3.717691, -38.523796 -3.717988, -38.523733 -3.718024, -38.523863 -3.718335, -38.524757 -3.717977, -38.524799 -3.718092, -38.524614 -3.718191, -38.524459 -3.71824, -38.524018 -3.718455, -38.524256 -3.718862, -38.524375 -3.719173, -38.524518 -3.719245, -38.52506 -3.718948, -38.525119 -3.71902, -38.524726 -3.719283, -38.524744 -3.719497, -38.525126 -3.71976, -38.525592 -3.719945, -38.526214 -3.719708, -38.527444 -3.719413, -38.527823 -3.71937, -38.528109 -3.719471, -38.528509 -3.719834, -38.528926 -3.719714, -38.530353 -3.719314, -38.53046 -3.719213, -38.530453 -3.71909, -38.529979 -3.718517, -38.528412 -3.718843, -38.528071 -3.718941, -38.527976 -3.718876, -38.527973 -3.718792, -38.528259 -3.718697, -38.529689 -3.718362, -38.52982 -3.718313, -38.53008 -3.718257, -38.53023 -3.718458, -38.530308 -3.718638, -38.530749 -3.719117, -38.531285 -3.718938, -38.532465 -3.718448, -38.533025 -3.718316, -38.5343 -3.717719, -38.535232 -3.717222, -38.535304 -3.717222, -38.535388 -3.717295, -38.535521 -3.717343, -38.535774 -3.717368, -38.53615 -3.717453, -38.53642 -3.717397, -38.536861 -3.717193, -38.538577 -3.716333, -38.538589 -3.716153, -38.538709 -3.716022, -38.538899 -3.716213, -38.53897 -3.716488, -38.539364 -3.716369, -38.540102 -3.715938, -38.540615 -3.715556, -38.541056 -3.715233, -38.541568 -3.714802, -38.542128 -3.714491, -38.542391 -3.714252, -38.542594 -3.71464, -38.542743 -3.714956, -38.542192 -3.715279, -38.541988 -3.715445, -38.541994 -3.715663, -38.541983 -3.715858, -38.541882 -3.716587, -38.541731 -3.717706, -38.5417 -3.71792, -38.541493 -3.719404, -38.541396 -3.720132, -38.541298 -3.720836, -38.541267 -3.721081, -38.541224 -3.721394, -38.541192 -3.721644, -38.541136 -3.722053, -38.541057 -3.722657, -38.541165 -3.7228, -38.541239 -3.723002, -38.541302 -3.723216, -38.541562 -3.724072, -38.541736 -3.72461, -38.540747 -3.724917, -38.540658 -3.725575, -38.540511 -3.726601, -38.540376 -3.727545, -38.539999 -3.730132))",SER 12,
